,grads
0,2.9074718952178955
1,5.421319007873535
2,3.2709290981292725
3,2.2763566970825195
4,3.5772335529327393
5,4.106210231781006
6,2.9479644298553467
7,1.749153971672058
8,1.7859439849853516
9,2.878521203994751
10,3.19922137260437
11,2.793550729751587
12,2.0142593383789062
13,1.6903202533721924
14,2.203993797302246
15,2.7753894329071045
16,2.8413870334625244
17,2.5128695964813232
18,2.0987119674682617
19,2.046694755554199
20,2.3805625438690186
21,2.650400400161743
22,2.6257503032684326
23,2.3688549995422363
24,2.148529052734375
25,2.2021446228027344
26,2.4291741847991943
27,2.5584771633148193
28,2.4736311435699463
29,2.2741200923919678
30,2.175358533859253
31,2.278082847595215
32,2.4299795627593994
33,2.458556652069092
34,2.341129779815674
35,2.204061269760132
36,2.194164276123047
37,2.301039218902588
38,2.3851959705352783
39,2.3555784225463867
40,2.2501132488250732
41,2.186351776123047
42,2.228363275527954
43,2.30820894241333
44,2.327436685562134
45,2.269646644592285
46,2.204965591430664
47,2.2029385566711426
48,2.2507848739624023
49,2.2807111740112305
