,losses
0,2993720.0
1,2625761.25
2,3230462.75
3,3265977.5
4,3196845.5
5,3349261.0
6,3257499.75
7,3385690.0
8,3432305.25
9,3546979.25
10,3521221.75
11,3737470.0
12,3409045.5
13,3475180.0
14,3225383.5
15,3296396.5
16,3127196.0
17,3197649.75
18,3052540.25
19,3068383.25
20,2997534.5
21,3067527.5
22,2957531.0
23,3043963.25
24,2939156.75
25,3003607.5
26,2927715.25
27,2976793.75
28,2908566.0
29,2951503.25
30,2903899.0
31,2929465.5
32,2895781.75
33,2895606.5
34,2869533.0
35,2853457.25
36,2832054.5
37,2819885.25
38,2801605.75
39,2786641.5
40,2759826.0
41,2771973.5
42,2736307.0
43,2774901.0
44,2726289.25
45,2771678.0
46,2719865.75
47,2773555.0
48,2709947.25
49,2766721.25
