"","cell_id","ancestor","mutant","epistate","sample","birth_time","ancestor_birth","weight"
"1","1","root","A","",NA,0,NA,0
"2","2","1","A","",NA,17.7360688387958,0,17.7360688387958
"3","3","1","A","",NA,17.7360688387958,0,17.7360688387958
"4","4","3","A","",NA,22.6612820419527,17.7360688387958,4.92521320315684
"5","6","2","A","",NA,23.2896242868342,17.7360688387958,5.55355544803837
"6","9","6","A","",NA,25.2633326033862,23.2896242868342,1.97370831655205
"7","11","4","A","",NA,30.2390235916087,22.6612820419527,7.57774154965604
"8","15","9","A","",NA,33.4987112651175,25.2633326033862,8.2353786617313
"9","25","15","A","",NA,36.8260111457877,33.4987112651175,3.32729988067019
"10","35","25","A","",NA,40.7497321759148,36.8260111457877,3.92372103012708
"11","48","35","A","",NA,43.2054374042991,40.7497321759148,2.45570522838432
"12","49","35","A","",NA,43.2054374042991,40.7497321759148,2.45570522838432
"13","53","49","A","",NA,43.2799285600442,43.2054374042991,0.0744911557450578
"14","57","53","A","",NA,43.3897648551339,43.2799285600442,0.1098362950897
"15","59","57","A","",NA,43.6834137395807,43.3897648551339,0.293648884446768
"16","63","11","A","",NA,44.310761364925,30.2390235916087,14.0717377733163
"17","64","59","A","",NA,44.7754793684288,43.6834137395807,1.09206562884811
"18","79","63","A","",NA,45.9625879680895,44.310761364925,1.6518266031645
"19","81","64","A","",NA,46.5205091603223,44.7754793684288,1.74502979189351
"20","117","79","A","",NA,51.2298342034903,45.9625879680895,5.2672462354008
"21","135","117","A","",NA,52.6649907843393,51.2298342034903,1.43515658084898
"22","224","135","A","",NA,59.6055444434379,52.6649907843393,6.94055365909862
"23","259","224","A","",NA,62.7294115505469,59.6055444434379,3.12386710710901
"24","262","259","A","",NA,62.8570702048043,62.7294115505469,0.127658654257381
"25","279","48","A","",NA,63.5587527815244,43.2054374042991,20.3533153772253
"26","327","279","A","",NA,67.6732320427737,63.5587527815244,4.11447926124931
"27","385","262","A","",NA,71.019429376684,62.8570702048043,8.1623591718797
"28","389","327","A","",NA,71.1188519651191,67.6732320427737,3.44561992234546
"29","421","81","A","",NA,72.4122837219083,46.5205091603223,25.891774561586
"30","510","389","A","",NA,77.0235697701168,71.1188519651191,5.90471780499766
"31","553","421","A","",NA,79.8331557529786,72.4122837219083,7.42087203107033
"32","559","385","A","",NA,79.8912963755003,71.019429376684,8.87186699881637
"33","635","553","A","",NA,82.9003844988632,79.8331557529786,3.06722874588462
"34","650","510","A","",NA,83.7557497136955,77.0235697701168,6.73217994357864
"35","671","559","A","",NA,84.8507012361674,79.8912963755003,4.95940486066706
"36","690","671","A","",NA,85.7305003008792,84.8507012361674,0.879799064711818
"37","694","650","A","",NA,85.8190420844183,83.7557497136955,2.06329237072285
"38","709","690","A","",NA,86.3943694656176,85.7305003008792,0.663869164738358
"39","721","709","A","",NA,86.8448612454211,86.3943694656176,0.450491779803514
"40","726","694","A","",NA,87.2873669646333,85.8190420844183,1.46832488021496
"41","775","726","A","",NA,89.0424296278272,87.2873669646333,1.75506266319397
"42","799","775","A","",NA,90.0328907895032,89.0424296278272,0.990461161675938
"43","805","635","A","",NA,90.2247712693985,82.9003844988632,7.32438677053528
"44","890","799","A","",NA,93.0879330207812,90.0328907895032,3.05504223127798
"45","940","890","A","",NA,94.9346494836655,93.0879330207812,1.84671646288433
"46","961","940","A","",NA,95.3112871897138,94.9346494836655,0.376637706048356
"47","992","805","A","",NA,96.2101086609615,90.2247712693985,5.98533739156304
"48","1073","992","A","",NA,98.6684125575522,96.2101086609615,2.45830389659071
"49","1082","721","A","",NA,99.0147987588568,86.8448612454211,12.1699375134357
"50","1102","961","A","",NA,99.6407914103616,95.3112871897138,4.32950422064773
"51","1125","1082","A","",NA,100.330675483359,99.0147987588568,1.31587672450181
"52","1241","1125","A","",NA,104.126632358934,100.330675483359,3.79595687557521
"53","1247","1102","A","",NA,104.146855961308,99.6407914103616,4.50606455094662
"54","1275","1241","A","",NA,105.062385089062,104.126632358934,0.935752730127675
"55","1375","1073","A","",NA,107.599233041509,98.6684125575522,8.93082048395681
"56","1428","1275","A","",NA,109.03004547483,105.062385089062,3.96766038576806
"57","1443","1428","A","",NA,109.253175342891,109.03004547483,0.223129868061164
"58","1515","1375","A","",NA,110.721157986275,107.599233041509,3.12192494476558
"59","1583","1247","A","",NA,112.176862966377,104.146855961308,8.03000700506854
"60","1607","1515","A","",NA,112.536453504226,110.721157986275,1.81529551795106
"61","1609","1607","A","",NA,112.550944615614,112.536453504226,0.0144911113880255
"62","1710","1609","A","",NA,114.938250357291,112.550944615614,2.38730574167766
"63","1812","1710","A","",NA,117.080717086225,114.938250357291,2.1424667289332
"64","1898","1443","A","",NA,119.139854044761,109.253175342891,9.88667870187049
"65","1899","1443","A","",NA,119.139854044761,109.253175342891,9.88667870187049
"66","1935","1898","A","",NA,119.911447576817,119.139854044761,0.771593532055363
"67","1962","1899","A","",NA,120.220770201691,119.139854044761,1.08091615692949
"68","1976","1583","A","",NA,120.543802419021,112.176862966377,8.36693945264398
"69","1991","1812","A","",NA,120.953964693536,117.080717086225,3.87324760731151
"70","2005","1991","A","",NA,121.220239375786,120.953964693536,0.266274682249758
"71","2115","2005","A","",NA,123.101552536173,121.220239375786,1.88131316038699
"72","2126","1935","A","",NA,123.284890109717,119.911447576817,3.37344253290053
"73","2271","2126","A","",NA,126.225045382259,123.284890109717,2.94015527254166
"74","2294","1976","A","",NA,126.625760895143,120.543802419021,6.08195847612261
"75","2315","2294","A","",NA,126.950946108144,126.625760895143,0.325185213000424
"76","2396","2271","A","",NA,128.340127020479,126.225045382259,2.11508163822049
"77","2400","2315","A","",NA,128.421923809556,126.950946108144,1.47097770141178
"78","2456","1962","A","",NA,129.130556301765,120.220770201691,8.90978610007433
"79","2514","2456","A","",NA,130.047015065206,129.130556301765,0.916458763440602
"80","2550","2400","A","",NA,130.923693158782,128.421923809556,2.50176934922615
"81","2574","2550","A","",NA,131.398179641251,130.923693158782,0.474486482469672
"82","2593","2574","A","",NA,131.76593342086,131.398179641251,0.367753779608449
"83","2608","2593","A","",NA,132.03007671828,131.76593342086,0.264143297419736
"84","2638","2115","A","",NA,132.496283689597,123.101552536173,9.3947311534241
"85","2673","2638","A","",NA,133.1584964142,132.496283689597,0.662212724603506
"86","2698","2514","A","",NA,133.50524587361,130.047015065206,3.4582308084039
"87","2789","2608","A","",NA,134.7682970941,132.03007671828,2.73822037582076
"88","3000","2396","A","",NA,138.014641131468,128.340127020479,9.67451411098827
"89","3029","2789","A","",NA,138.533137999546,134.7682970941,3.76484090544565
"90","3030","3029","A","",NA,138.556221197011,138.533137999546,0.0230831974650982
"91","3217","2673","A","",NA,141.934773448544,133.1584964142,8.77627703434379
"92","3260","3030","A","",NA,142.380774823574,138.556221197011,3.82455362656287
"93","3389","3000","A","",NA,144.081789865729,138.014641131468,6.0671487342612
"94","3429","2698","A","",NA,144.765932318771,133.50524587361,11.260686445161
"95","3462","3217","A","",NA,145.150702959922,141.934773448544,3.21592951137768
"96","3643","3260","A","",NA,147.600341992841,142.380774823574,5.21956716926744
"97","3690","3429","A","",NA,148.162481596448,144.765932318771,3.39654927767751
"98","3773","3643","A","",NA,149.514066516875,147.600341992841,1.91372452403334
"99","3798","3462","A","",NA,149.726112651174,145.150702959922,4.57540969125176
"100","3836","3798","A","",NA,150.360498981244,149.726112651174,0.634386330070527
"101","3942","3773","A","",NA,152.030064347242,149.514066516875,2.5159978303671
"102","3969","3942","A","",NA,152.361395887909,152.030064347242,0.331331540667435
"103","4162","3969","A","",NA,155.53688022576,152.361395887909,3.17548433785041
"104","4211","3690","A","",NA,156.287133214971,148.162481596448,8.12465161852333
"105","4363","3389","A","",NA,158.476158511718,144.081789865729,14.394368645989
"106","4612","3836","A","",NA,161.974497052669,150.360498981244,11.6139980714244
"107","4620","4612","A","",NA,162.128126009472,161.974497052669,0.153628956803487
"108","4623","4363","A","",NA,162.13638086931,158.476158511718,3.66022235759266
"109","4651","4620","A","",NA,162.610034269461,162.128126009472,0.481908259989154
"110","4801","4623","A","",NA,164.319739399417,162.13638086931,2.1833585301068
"111","4896","4651","A","",NA,165.602786685951,162.610034269461,2.99275241648994
"112","4897","4651","A","",NA,165.602786685951,162.610034269461,2.99275241648994
"113","4901","4801","A","",NA,165.6375307517,164.319739399417,1.31779135228271
"114","5000","4901","A","",NA,167.514939323741,165.6375307517,1.87740857204076
"115","5006","4211","A","",NA,167.566609523969,156.287133214971,11.2794763089973
"116","5098","5006","A","",NA,168.49311554522,167.566609523969,0.926506021251214
"117","5103","4896","A","",NA,168.573139272803,165.602786685951,2.97035258685204
"118","5145","5000","A","",NA,169.023479558054,167.514939323741,1.50854023431378
"119","5169","5145","A","",NA,169.332191427016,169.023479558054,0.308711868961126
"120","5193","4897","A","",NA,169.661468162509,165.602786685951,4.05868147655769
"121","5311","5103","A","",NA,170.839538322164,168.573139272803,2.26639904936087
"122","5405","5098","A","",NA,172.166548361486,168.49311554522,3.67343281626646
"123","5410","5193","A","",NA,172.214948762228,169.661468162509,2.55348059971885
"124","5411","5193","A","",NA,172.214948762228,169.661468162509,2.55348059971885
"125","5418","5410","A","",NA,172.337298623563,172.214948762228,0.12234986133484
"126","5419","5410","A","",NA,172.337298623563,172.214948762228,0.12234986133484
"127","5477","5411","A","",NA,173.037170340773,172.214948762228,0.822221578545395
"128","5490","5418","A","",NA,173.176722764907,172.337298623563,0.839424141344125
"129","5552","5405","A","",NA,174.125147273129,172.166548361486,1.95859891164267
"130","5562","5311","A","",NA,174.276189151481,170.839538322164,3.43665082931668
"131","5566","4162","A","",NA,174.319534590429,155.53688022576,18.7826543646696
"132","5647","5562","A","",NA,175.123024557693,174.276189151481,0.846835406212023
"133","5687","5552","A","",NA,175.512866774943,174.125147273129,1.38771950181354
"134","5690","5169","A","",NA,175.544222827789,169.332191427016,6.21203140077375
"135","5712","5566","A","",NA,175.834325239358,174.319534590429,1.51479064892834
"136","5753","5647","A","",NA,176.228844477685,175.123024557693,1.10581991999231
"137","5778","5419","A","",NA,176.575896058044,172.337298623563,4.23859743448108
"138","5877","5490","A","",NA,177.830201094668,173.176722764907,4.65347832976096
"139","6005","5778","A","",NA,179.35264635954,176.575896058044,2.77675030149658
"140","6124","6005","A","",NA,180.428054776929,179.35264635954,1.07540841738827
"141","6125","6005","A","",NA,180.428054776929,179.35264635954,1.07540841738827
"142","6234","5753","A","",NA,181.683227203331,176.228844477685,5.45438272564573
"143","6235","5753","A","",NA,181.683227203331,176.228844477685,5.45438272564573
"144","6243","5690","A","",NA,181.829816558866,175.544222827789,6.28559373107677
"145","6280","6125","A","",NA,182.078743190313,180.428054776929,1.65068841338459
"146","6293","6124","A","",NA,182.221235840197,180.428054776929,1.79318106326818
"147","6338","5877","A","",NA,182.7970331055,177.830201094668,4.96683201083232
"148","6351","5712","A","",NA,182.934182951425,175.834325239358,7.09985771206726
"149","6399","6351","A","",NA,183.52449503144,182.934182951425,0.590312080015423
"150","6468","6399","A","",NA,184.387092668642,183.52449503144,0.86259763720193
"151","6485","6338","A","",NA,184.528297581729,182.7970331055,1.73126447622903
"152","6499","6243","A","",NA,184.6645936144,181.829816558866,2.83477705553352
"153","6526","6234","A","",NA,184.985175577496,181.683227203331,3.30194837416471
"154","6539","6468","A","",NA,185.052248731305,184.387092668642,0.665156062662589
"155","6622","6235","A","",NA,185.976204630221,181.683227203331,4.29297742689047
"156","6623","6235","A","",NA,185.976204630221,181.683227203331,4.29297742689047
"157","6627","6499","A","",NA,186.039355458114,184.6645936144,1.37476184371454
"158","6633","6526","A","",NA,186.137778256767,184.985175577496,1.15260267927164
"159","6661","6485","A","",NA,186.366037176922,184.528297581729,1.8377395951932
"160","6674","6280","A","",NA,186.499640627348,182.078743190313,4.42089743703519
"161","6675","6280","A","",NA,186.499640627348,182.078743190313,4.42089743703519
"162","6715","6627","A","",NA,187.090020062894,186.039355458114,1.05066460477994
"163","6815","6622","A","",NA,188.398398422619,185.976204630221,2.42219379239805
"164","6826","6675","A","",NA,188.460910730868,186.499640627348,1.96127010351941
"165","6836","6661","A","",NA,188.523048211298,186.366037176922,2.15701103437533
"166","6838","5477","A","",NA,188.538682931471,173.037170340773,15.5015125906981
"167","6861","6539","A","",NA,188.784397499945,185.052248731305,3.73214876864046
"168","6882","6715","A","",NA,189.044200391831,187.090020062894,1.95418032893653
"169","6903","6861","A","",NA,189.312634152954,188.784397499945,0.528236653008719
"170","6919","6838","A","",NA,189.423018388508,188.538682931471,0.884335457036855
"171","6971","6836","A","",NA,189.94768649243,188.523048211298,1.42463828113213
"172","6977","6919","A","",NA,190.095345096268,189.423018388508,0.672326707760135
"173","6983","6971","A","",NA,190.215704253691,189.94768649243,0.268017761261518
"174","7164","6977","A","",NA,192.113285884326,190.095345096268,2.01794078805787
"175","7203","6903","A","",NA,192.540326804762,189.312634152954,3.22769265180773
"176","7207","7164","A","",NA,192.622487488982,192.113285884326,0.509201604656312
"177","7319","6293","A","",NA,193.776175951439,182.221235840197,11.5549401112426
"178","7321","6882","A","",NA,193.790933739611,189.044200391831,4.74673334778058
"179","7333","6633","A","",NA,193.863520903951,186.137778256767,7.72574264718381
"180","7343","6623","A","",NA,193.916943652782,185.976204630221,7.94073902256059
"181","7391","7321","A","",NA,194.442224494631,193.790933739611,0.651290755020085
"182","7479","7203","A","",NA,195.284611842016,192.540326804762,2.74428503725389
"183","7510","6815","A","",NA,195.554401671513,188.398398422619,7.15600324889371
"184","7511","6815","A","",NA,195.554401671513,188.398398422619,7.15600324889371
"185","7550","7511","A","",NA,195.930450724133,195.554401671513,0.376049052619749
"186","7551","7511","A","",NA,195.930450724133,195.554401671513,0.376049052619749
"187","7575","6983","A","",NA,196.272793350028,190.215704253691,6.05708909633677
"188","7587","7550","A","","DLP1_457-476",196.37424968243,195.930450724133,0.443798958297435
"189","7669","7391","A","",NA,197.007664167198,194.442224494631,2.5654396725667
"190","7677","6826","A","",NA,197.027682937464,188.460910730868,8.5667722065958
"191","7759","5687","A","",NA,197.860007655638,175.512866774943,22.3471408806954
"192","7801","7677","A","",NA,198.261822327153,197.027682937464,1.23413938968969
"193","7875","7575","A","",NA,198.973204699447,196.272793350028,2.70041134941891
"194","7901","7333","A","",NA,199.266817373435,193.863520903951,5.40329646948359
"195","7917","7759","A","",NA,199.443870622049,197.860007655638,1.58386296641098
"196","7956","7551","A","",NA,199.793851189405,195.930450724133,3.86340046527189
"197","7957","7551","A","","DLP1_455-483",199.793851189405,195.930450724133,3.86340046527189
"198","7971","7669","A","",NA,199.891230482814,197.007664167198,2.88356631561561
"199","7987","6674","A","",NA,200.107136190807,186.499640627348,13.6074955634587
"200","8097","7956","A","",NA,201.277104377576,199.793851189405,1.48325318817092
"201","8278","7801","A","",NA,203.062744879288,198.261822327153,4.80092255213489
"202","8279","7801","A","",NA,203.062744879288,198.261822327153,4.80092255213489
"203","8309","7971","A","",NA,203.39247202467,199.891230482814,3.50124154185639
"204","8379","7901","A","",NA,203.844935164656,199.266817373435,4.57811779122133
"205","8458","8097","A","",NA,204.51523572392,201.277104377576,3.23813134634446
"206","8507","7917","A","",NA,204.836208726826,199.443870622049,5.39233810477754
"207","8518","7479","A","",NA,204.93321152472,195.284611842016,9.6485996827048
"208","8564","7207","A","",NA,205.36987266846,192.622487488982,12.7473851794778
"209","8565","7207","A","",NA,205.36987266846,192.622487488982,12.7473851794778
"210","8594","7875","A","",NA,205.720416998169,198.973204699447,6.74721229872205
"211","8616","8518","A","",NA,205.956526884997,204.93321152472,1.02331536027631
"212","8626","7319","A","",NA,206.039028616031,193.776175951439,12.2628526645917
"213","8627","7319","A","",NA,206.039028616031,193.776175951439,12.2628526645917
"214","8668","8309","A","",NA,206.491929294895,203.39247202467,3.09945727022503
"215","8669","8309","A","",NA,206.491929294895,203.39247202467,3.09945727022503
"216","8672","8379","A","",NA,206.550908837924,203.844935164656,2.70597367326832
"217","8673","8379","A","",NA,206.550908837924,203.844935164656,2.70597367326832
"218","8681","8507","A","",NA,206.57406760626,204.836208726826,1.73785887943384
"219","8710","8565","A","",NA,206.858424514225,205.36987266846,1.48855184576448
"220","8711","8565","A","",NA,206.858424514225,205.36987266846,1.48855184576448
"221","8713","8668","A","",NA,206.876529735556,206.491929294895,0.38460044066079
"222","8740","8594","A","",NA,207.130245563016,205.720416998169,1.4098285648468
"223","8741","8594","A","",NA,207.130245563016,205.720416998169,1.4098285648468
"224","8770","8616","A","",NA,207.472892635678,205.956526884997,1.51636575068147
"225","8792","8710","A","",NA,207.693634225118,206.858424514225,0.835209710893167
"226","8877","8564","A","",NA,208.625286199538,205.36987266846,3.25541353107803
"227","8911","8458","A","","DLP1_456-482",208.90829131513,204.51523572392,4.39305559120956
"228","8925","7510","A","","DLP1_456-484",209.039596254057,195.554401671513,13.4851945825444
"229","8980","8740","A","",NA,209.484515926673,207.130245563016,2.35427036365687
"230","8982","8980","A","","DLP1_454-481",209.504277382509,209.484515926673,0.0197614558361749
"231","8983","8980","A","",NA,209.504277382509,209.484515926673,0.0197614558361749
"232","9060","8741","A","",NA,210.228201291471,207.130245563016,3.09795572845493
"233","9061","8741","A","",NA,210.228201291471,207.130245563016,3.09795572845493
"234","9109","8877","A","",NA,210.660596400309,208.625286199538,2.03531020077077
"235","9111","8770","A","",NA,210.680065951554,207.472892635678,3.20717331587622
"236","9114","9061","A","",NA,210.69078232662,210.228201291471,0.462581035149071
"237","9116","8713","A","",NA,210.71416619075,206.876529735556,3.83763645519466
"238","9121","9060","A","",NA,210.797605094231,210.228201291471,0.569403802760206
"239","9133","9111","A","",NA,210.953646179526,210.680065951554,0.273580227971308
"240","9146","9133","A","",NA,211.087018372943,210.953646179526,0.13337219341696
"241","9170","7987","A","","DLP1_457-481",211.23325385406,200.107136190807,11.1261176632535
"242","9221","9116","A","",NA,211.784587479467,210.71416619075,1.07042128871672
"243","9245","8672","A","",NA,212.042628643181,206.550908837924,5.49171980525637
"244","9277","7343","A","","DLP1_458-482",212.310135957206,193.916943652782,18.393192304424
"245","9285","9221","A","",NA,212.346369548893,211.784587479467,0.561782069425959
"246","9342","8278","A","",NA,213.074566391126,203.062744879288,10.0118215118378
"247","9382","8279","A","",NA,213.361171705815,203.062744879288,10.2984268265265
"248","9488","9114","A","",NA,214.475299740195,210.69078232662,3.78451741357497
"249","9489","9114","A","",NA,214.475299740195,210.69078232662,3.78451741357497
"250","9494","9109","A","",NA,214.542078062429,210.660596400309,3.88148166211991
"251","9495","9109","A","","DLP1_458-472",214.542078062429,210.660596400309,3.88148166211991
"252","9536","9489","A","",NA,214.974467680175,214.475299740195,0.499167939980367
"253","9537","9489","A","",NA,214.974467680175,214.475299740195,0.499167939980367
"254","9621","9536","A","",NA,215.643517125341,214.974467680175,0.669049445165712
"255","9654","9621","A","",NA,215.944034453164,215.643517125341,0.300517327823314
"256","9655","9621","A","",NA,215.944034453164,215.643517125341,0.300517327823314
"257","9688","9488","A","",NA,216.220989959903,214.475299740195,1.74569021970851
"258","9734","8792","A","",NA,216.543609158196,207.693634225118,8.84997493307816
"259","9736","9245","A","",NA,216.553484679719,212.042628643181,4.5108560365388
"260","9919","9494","A","",NA,218.473347755886,214.542078062429,3.93126969345715
"261","9952","9919","A","",NA,218.819767742435,218.473347755886,0.346419986548511
"262","9961","9285","A","",NA,218.891264301271,212.346369548893,6.54489475237793
"263","10000","9146","B","",NA,219.238259198114,211.087018372943,8.15124082517136
"264","10186","10000","B","",NA,219.42810216489,219.238259198114,0.189842966775473
"265","10376","9961","A","",NA,219.68011799435,218.891264301271,0.788853693079261
"266","10657","10186","B","",NA,220.098305418647,219.42810216489,0.670203253757251
"267","10690","10657","B","",NA,220.16686023531,220.098305418647,0.068554816663351
"268","11311","10690","B","",NA,221.279020928599,220.16686023531,1.11216069328856
"269","11355","8681","A","","DLP1_457-483",221.401580712864,206.57406760626,14.8275131066035
"270","11496","9952","A","",NA,221.81309892515,218.819767742435,2.99333118271502
"271","11656","8673","A","",NA,222.335959965209,206.550908837924,15.7850511272847
"272","11667","9688","A","",NA,222.360097893716,216.220989959903,6.13910793381243
"273","11752","11311","B","",NA,222.689463904703,221.279020928599,1.41044297610441
"274","11960","11752","B","",NA,223.306206854172,222.689463904703,0.616742949468801
"275","11964","11667","A","","DLP1_458-476",223.343989026914,222.360097893716,0.983891133198426
"276","11965","11667","A","","DLP1_458-477",223.343989026914,222.360097893716,0.983891133198426
"277","11985","8626","A","",NA,223.456225316595,206.039028616031,17.4171967005642
"278","12171","8669","A","",NA,224.183913432689,206.491929294895,17.6919841377942
"279","12342","9655","A","","DLP1_456-481",224.796581166896,215.944034453164,8.85254671373232
"280","12351","11985","A","","DLP1_457-484",224.844513160368,223.456225316595,1.38828784377253
"281","12382","8711","A","",NA,225.070092954679,206.858424514225,18.2116684404546
"282","12440","9342","A","",NA,225.379201033437,213.074566391126,12.3046346423114
"283","12441","9342","A","","DLP1_458-484",225.379201033437,213.074566391126,12.3046346423114
"284","12472","11960","B","",NA,225.490121781882,223.306206854172,2.18391492770994
"285","12596","12472","B","",NA,226.057135333138,225.490121781882,0.567013551256622
"286","12631","12596","B","",NA,226.241783794367,226.057135333138,0.184648461228903
"287","12704","9537","A","",NA,226.561086010017,214.974467680175,11.5866183298415
"288","12705","9537","A","",NA,226.561086010017,214.974467680175,11.5866183298415
"289","12740","12631","B","",NA,226.693766244602,226.241783794367,0.45198245023505
"290","12821","12740","B","",NA,227.131967433634,226.693766244602,0.438201189031247
"291","12865","12821","B","",NA,227.385568331444,227.131967433634,0.253600897810372
"292","12931","11656","A","",NA,227.659161101803,222.335959965209,5.32320113659404
"293","12960","8627","A","","DLP1_458-483",227.840550226654,206.039028616031,21.8015216106235
"294","12999","12382","A","",NA,228.069887160465,225.070092954679,2.99979420578538
"295","13076","12865","B","",NA,228.377490537326,227.385568331444,0.991922205882304
"296","13079","13076","B","",NA,228.384016712395,228.377490537326,0.00652617506861475
"297","13092","12440","A","","DLP1_455-484",228.465272365825,225.379201033437,3.08607133238775
"298","13093","12440","A","",NA,228.465272365825,225.379201033437,3.08607133238775
"299","13120","10376","A","",NA,228.621834121549,219.68011799435,8.94171612719919
"300","13124","12931","A","",NA,228.633423471381,227.659161101803,0.974262369577815
"301","13176","9654","A","",NA,228.867455195694,215.944034453164,12.9234207425299
"302","13177","9654","A","",NA,228.867455195694,215.944034453164,12.9234207425299
"303","13186","12171","A","",NA,228.897925960196,224.183913432689,4.71401252750672
"304","13187","12171","A","",NA,228.897925960196,224.183913432689,4.71401252750672
"305","13207","13079","B","",NA,228.995129741073,228.384016712395,0.611113028678403
"306","13324","8983","A","",NA,229.479370848068,209.504277382509,19.9750934655587
"307","13325","8983","A","",NA,229.479370848068,209.504277382509,19.9750934655587
"308","13354","12999","A","",NA,229.580672636857,228.069887160465,1.51078547639224
"309","13468","9736","A","",NA,230.144843607817,216.553484679719,13.5913589280972
"310","13469","9736","A","",NA,230.144843607817,216.553484679719,13.5913589280972
"311","13544","13120","A","",NA,230.493191752742,228.621834121549,1.87135763119301
"312","13545","13120","A","",NA,230.493191752742,228.621834121549,1.87135763119301
"313","13583","13207","B","",NA,230.798272397668,228.995129741073,1.80314265659493
"314","13634","13325","A","","DLP1_454-483",231.040473935406,229.479370848068,1.56110308733844
"315","13635","13325","A","",NA,231.040473935406,229.479370848068,1.56110308733844
"316","13640","12705","A","",NA,231.063137811729,226.561086010017,4.5020518017123
"317","13641","12705","A","","DLP1_455-480",231.063137811729,226.561086010017,4.5020518017123
"318","13644","13583","B","",NA,231.081351248791,230.798272397668,0.283078851122553
"319","13664","13468","A","",NA,231.182663512336,230.144843607817,1.03781990451938
"320","13665","13468","A","",NA,231.182663512336,230.144843607817,1.03781990451938
"321","13688","13644","B","",NA,231.326468768779,231.081351248791,0.245117519988554
"322","13732","13186","A","",NA,231.636688286797,228.897925960196,2.73876232660109
"323","13747","13688","B","",NA,231.689855435323,231.326468768779,0.363386666543789
"324","13821","13324","A","",NA,231.939198130873,229.479370848068,2.45982728280543
"325","13854","12704","A","",NA,232.069294719879,226.561086010017,5.50820870986291
"326","13855","12704","A","","DLP1_458-479",232.069294719879,226.561086010017,5.50820870986291
"327","13868","13854","A","",NA,232.175830271805,232.069294719879,0.106535551925901
"328","13869","13854","A","",NA,232.175830271805,232.069294719879,0.106535551925901
"329","13874","11496","A","",NA,232.207750156214,221.81309892515,10.3946512310641
"330","13875","11496","A","","DLP1_458-474",232.207750156214,221.81309892515,10.3946512310641
"331","13916","13665","A","",NA,232.44550640449,231.182663512336,1.262842892154
"332","13917","13665","A","","DLP1_455-472",232.44550640449,231.182663512336,1.262842892154
"333","13922","13177","A","",NA,232.453550136573,228.867455195694,3.58609494087904
"334","13923","13177","A","",NA,232.453550136573,228.867455195694,3.58609494087904
"335","13928","13187","A","",NA,232.467917104186,228.897925960196,3.56999114399048
"336","13929","13187","A","",NA,232.467917104186,228.897925960196,3.56999114399048
"337","13971","13124","A","","DLP1_455-475",232.660746945712,228.633423471381,4.02732347433155
"338","13989","13732","A","",NA,232.694489819868,231.636688286797,1.05780153307131
"339","14049","13747","B","",NA,232.910314329487,231.689855435323,1.2204588941637
"340","14066","14049","B","",NA,232.96973539038,232.910314329487,0.0594210608929302
"341","14070","13093","A","","DLP1_457-482",232.990904224664,228.465272365825,4.5256318588392
"342","14071","13093","A","","DLP1_454-484",232.990904224664,228.465272365825,4.5256318588392
"343","14082","13821","A","",NA,233.015062170966,231.939198130873,1.07586404009334
"344","14083","13821","A","",NA,233.015062170966,231.939198130873,1.07586404009334
"345","14146","13928","A","",NA,233.284116242772,232.467917104186,0.816199138585574
"346","14147","13928","A","",NA,233.284116242772,232.467917104186,0.816199138585574
"347","14180","13916","A","",NA,233.417952072451,232.44550640449,0.97244566796104
"348","14181","13916","A","",NA,233.417952072451,232.44550640449,0.97244566796104
"349","14194","13869","A","","DLP1_454-479",233.463594726343,232.175830271805,1.2877644545373
"350","14195","13869","A","",NA,233.463594726343,232.175830271805,1.2877644545373
"351","14249","13544","A","",NA,233.653044012607,230.493191752742,3.15985225986498
"352","14368","13874","A","",NA,234.102196035611,232.207750156214,1.89444587939676
"353","14369","13874","A","","DLP1_457-472",234.102196035611,232.207750156214,1.89444587939676
"354","14468","13354","A","",NA,234.435525889735,229.580672636857,4.85485325287786
"355","14469","13354","A","","DLP1_456-465",234.435525889735,229.580672636857,4.85485325287786
"356","14478","14066","B","",NA,234.477488725028,232.96973539038,1.50775333464782
"357","14479","14066","B","",NA,234.477488725028,232.96973539038,1.50775333464782
"358","14508","13923","A","",NA,234.619994128472,232.453550136573,2.1664439918994
"359","14509","13923","A","",NA,234.619994128472,232.453550136573,2.1664439918994
"360","14568","13868","A","","DLP1_456-480",234.897971901019,232.175830271805,2.72214162921404
"361","14569","13868","A","","DLP1_456-479",234.897971901019,232.175830271805,2.72214162921404
"362","14574","14478","B","",NA,234.93023833095,234.477488725028,0.452749605922037
"363","14597","14368","A","",NA,235.07627456384,234.102196035611,0.97407852822974
"364","14615","14574","B","",NA,235.115284072354,234.93023833095,0.185045741403883
"365","14658","14468","A","",NA,235.237739505875,234.435525889735,0.80221361614042
"366","14659","14468","A","",NA,235.237739505875,234.435525889735,0.80221361614042
"367","14690","14146","A","",NA,235.3353294576,233.284116242772,2.05121321482756
"368","14691","14146","A","",NA,235.3353294576,233.284116242772,2.05121321482756
"369","14721","14691","A","",NA,235.459366062483,235.3353294576,0.124036604883287
"370","14764","9734","A","",NA,235.60988126586,216.543609158196,19.066272107664
"371","14765","9734","A","",NA,235.60988126586,216.543609158196,19.066272107664
"372","14843","13545","A","",NA,235.947555005883,230.493191752742,5.45436325314074
"373","14885","14479","B","",NA,236.170520667312,234.477488725028,1.69303194228428
"374","14891","14180","A","",NA,236.230235557487,233.417952072451,2.81228348503586
"375","14892","9121","A","",NA,236.231390941558,210.797605094231,25.4337858473268
"376","14893","9121","A","","DLP1_457-479",236.231390941558,210.797605094231,25.4337858473268
"377","14946","13922","A","",NA,236.434479689923,232.453550136573,3.98092955334991
"378","14947","13922","A","",NA,236.434479689923,232.453550136573,3.98092955334991
"379","14950","14891","A","",NA,236.451696058898,236.230235557487,0.22146050141103
"380","14951","14891","A","","DLP1_458-473",236.451696058898,236.230235557487,0.22146050141103
"381","15054","14885","B","",NA,236.909782013782,236.170520667312,0.739261346469704
"382","15055","14885","B","",NA,236.909782013782,236.170520667312,0.739261346469704
"383","15092","13664","A","",NA,237.069023324695,231.182663512336,5.88635981235888
"384","15093","13664","A","","DLP1_457-474",237.069023324695,231.182663512336,5.88635981235888
"385","15112","9382","A","","DLP1_456-483",237.146249919691,213.361171705815,23.7850782138761
"386","15113","9382","A","","DLP1_454-482",237.146249919691,213.361171705815,23.7850782138761
"387","15114","14597","A","",NA,237.15282380723,235.07627456384,2.07654924338996
"388","15115","14597","A","",NA,237.15282380723,235.07627456384,2.07654924338996
"389","15129","15055","B","",NA,237.198541916442,236.909782013782,0.288759902660161
"390","15274","15054","B","",NA,237.767079586203,236.909782013782,0.857297572421118
"391","15278","14658","A","",NA,237.792628091896,235.237739505875,2.5548885860205
"392","15279","14658","A","",NA,237.792628091896,235.237739505875,2.5548885860205
"393","15302","14690","A","",NA,237.897073264567,235.3353294576,2.56174380696754
"394","15310","14892","A","","DLP1_458-481",237.929238761295,236.231390941558,1.69784781973723
"395","15311","14892","A","","DLP1_458-480",237.929238761295,236.231390941558,1.69784781973723
"396","15366","14764","A","",NA,238.136660023752,235.60988126586,2.52677875789146
"397","15367","14764","A","",NA,238.136660023752,235.60988126586,2.52677875789146
"398","15442","14946","A","",NA,238.388069839688,236.434479689923,1.95359014976461
"399","15443","14946","A","",NA,238.388069839688,236.434479689923,1.95359014976461
"400","15467","15129","B","",NA,238.467781320365,237.198541916442,1.26923940392319
"401","15470","15278","A","",NA,238.503597350691,237.792628091896,0.710969258795728
"402","15471","15278","A","",NA,238.503597350691,237.792628091896,0.710969258795728
"403","15482","15274","B","",NA,238.599362368529,237.767079586203,0.832282782326018
"404","15498","15482","B","",NA,238.650403692085,238.599362368529,0.0510413235567171
"405","15601","14615","B","",NA,239.127058786593,235.115284072354,4.01177471423941
"406","15628","15092","A","","DLP1_458-475",239.305073766211,237.069023324695,2.23605044151597
"407","15629","15092","A","",NA,239.305073766211,237.069023324695,2.23605044151597
"408","15648","14843","A","",NA,239.356187038439,235.947555005883,3.40863203255537
"409","15676","13640","A","","DLP1_456-478",239.432622737248,231.063137811729,8.36948492551912
"410","15677","13640","A","",NA,239.432622737248,231.063137811729,8.36948492551912
"411","15684","15648","A","",NA,239.446657290498,239.356187038439,0.0904702520589922
"412","15689","15302","A","",NA,239.45709122636,237.897073264567,1.56001796179268
"413","15705","14249","A","","DLP1_448-483",239.546561747957,233.653044012607,5.89351773534958
"414","15712","15367","A","","DLP1_458-471",239.598292732655,238.136660023752,1.46163270890378
"415","15713","15367","A","","DLP1_458-470",239.598292732655,238.136660023752,1.46163270890378
"416","15762","14083","A","",NA,239.739463139947,233.015062170966,6.72440096898086
"417","15763","14083","A","",NA,239.739463139947,233.015062170966,6.72440096898086
"418","15788","15601","B","",NA,239.787682353531,239.127058786593,0.660623566937801
"419","15797","15366","A","","DLP1_458-469",239.798922796611,238.136660023752,1.66226277285992
"420","15834","15762","A","","DLP1_451-483",239.959371930961,239.739463139947,0.219908791013466
"421","15835","15762","A","","DLP1_451-484",239.959371930961,239.739463139947,0.219908791013466
"422","15904","15684","A","",NA,240.253031589552,239.446657290498,0.806374299054426
"423","15937","15788","B","",NA,240.384501061569,239.787682353531,0.596818708037858
"424","15940","14509","A","",NA,240.395430304304,234.619994128472,5.77543617583197
"425","15941","14509","A","",NA,240.395430304304,234.619994128472,5.77543617583197
"426","15986","15629","A","","DLP1_457-475",240.623079412932,239.305073766211,1.31800564672164
"427","15987","15629","A","",NA,240.623079412932,239.305073766211,1.31800564672164
"428","16003","15937","B","",NA,240.693533189405,240.384501061569,0.309032127836474
"429","16032","15904","A","",NA,240.858233527251,240.253031589552,0.605201937699036
"430","16033","15904","A","",NA,240.858233527251,240.253031589552,0.605201937699036
"431","16151","15467","B","",NA,241.364164116049,238.467781320365,2.8963827956843
"432","16177","15470","A","",NA,241.480610464852,238.503597350691,2.97701311416026
"433","16182","14508","A","",NA,241.483069079431,234.619994128472,6.86307495095858
"434","16183","14508","A","",NA,241.483069079431,234.619994128472,6.86307495095858
"435","16231","16177","A","",NA,241.703759285668,241.480610464852,0.223148820816021
"436","16277","16151","B","",NA,241.785089421214,241.364164116049,0.420925305164275
"437","16307","15689","A","",NA,241.923329883416,239.45709122636,2.46623865705621
"438","16312","15940","A","",NA,241.944339089928,240.395430304304,1.54890878562358
"439","16313","15940","A","","DLP1_452-480",241.944339089928,240.395430304304,1.54890878562358
"440","16346","16003","B","",NA,242.034792447669,240.693533189405,1.34125925826419
"441","16349","15471","A","","DLP1_457-466",242.035104630131,238.503597350691,3.53150727943967
"442","16366","16033","A","",NA,242.10576257974,240.858233527251,1.2475290524886
"443","16367","16033","A","",NA,242.10576257974,240.858233527251,1.2475290524886
"444","16395","13989","A","","DLP1_449-484",242.164082514727,232.694489819868,9.4695926948589
"445","16405","16346","B","",NA,242.180505456192,242.034792447669,0.145713008523103
"446","16438","14659","A","",NA,242.304152360965,235.237739505875,7.06641285509025
"447","16439","14659","A","",NA,242.304152360965,235.237739505875,7.06641285509025
"448","16454","14765","A","","DLP1_457-468",242.39299554683,235.60988126586,6.78311428097012
"449","16458","15987","A","",NA,242.398800928137,240.623079412932,1.77572151520408
"450","16459","15987","A","",NA,242.398800928137,240.623079412932,1.77572151520408
"451","16461","15498","B","",NA,242.405145793327,238.650403692085,3.75474210124148
"452","16464","13635","A","",NA,242.428845249756,231.040473935406,11.3883713143498
"453","16465","13635","A","",NA,242.428845249756,231.040473935406,11.3883713143498
"454","16480","16461","B","",NA,242.521700729378,242.405145793327,0.116554936051244
"455","16498","14195","A","",NA,242.578026420115,233.463594726343,9.1144316937727
"456","16499","14195","A","","DLP1_455-482",242.578026420115,233.463594726343,9.1144316937727
"457","16520","14950","A","",NA,242.649886051591,236.451696058898,6.19818999269262
"458","16521","14950","A","",NA,242.649886051591,236.451696058898,6.19818999269262
"459","16588","16520","A","",NA,242.940689194142,242.649886051591,0.290803142551482
"460","16589","16520","A","","DLP1_456-470",242.940689194142,242.649886051591,0.290803142551482
"461","16594","15114","A","","DLP1_454-466",242.95650780378,237.15282380723,5.80368399655009
"462","16595","15114","A","",NA,242.95650780378,237.15282380723,5.80368399655009
"463","16598","14147","A","",NA,242.959326925166,233.284116242772,9.6752106823941
"464","16599","14147","A","",NA,242.959326925166,233.284116242772,9.6752106823941
"465","16611","16032","A","",NA,242.986260482491,240.858233527251,2.12802695524041
"466","16660","16307","A","","DLP1_450-484",243.18415584875,241.923329883416,1.2608259653336
"467","16695","16277","B","",NA,243.273038465837,241.785089421214,1.48794904462395
"468","16697","16480","B","",NA,243.285360738566,242.521700729378,0.763660009187731
"469","16738","15677","A","","DLP1_458-478",243.427231138084,239.432622737248,3.99460840083609
"470","16739","15677","A","",NA,243.427231138084,239.432622737248,3.99460840083609
"471","16745","14721","A","","DLP1_446-483",243.441637341386,235.459366062483,7.98227127890365
"472","16862","15442","A","",NA,243.830714082048,238.388069839688,5.44264424236067
"473","16863","15442","A","","DLP1_455-478",243.830714082048,238.388069839688,5.44264424236067
"474","16870","16367","A","",NA,243.874104462225,242.10576257974,1.76834188248577
"475","16871","16367","A","",NA,243.874104462225,242.10576257974,1.76834188248577
"476","16906","16459","A","","DLP1_455-477",243.990544664837,242.398800928137,1.59174373670029
"477","16907","16459","A","",NA,243.990544664837,242.398800928137,1.59174373670029
"478","16945","16697","B","",NA,244.195246772613,243.285360738566,0.909886034047531
"479","16984","16182","A","","DLP1_457-480",244.331817294095,241.483069079431,2.84874821466417
"480","16985","16182","A","",NA,244.331817294095,241.483069079431,2.84874821466417
"481","16986","16588","A","","DLP1_457-473",244.33532711815,242.940689194142,1.3946379240077
"482","16987","16588","A","",NA,244.33532711815,242.940689194142,1.3946379240077
"483","17031","16405","B","",NA,244.478593191483,242.180505456192,2.29808773529086
"484","17110","15941","A","",NA,244.719211692343,240.395430304304,4.32378138803895
"485","17111","15941","A","",NA,244.719211692343,240.395430304304,4.32378138803895
"486","17130","15279","A","","DLP1_458-467",244.785911158416,237.792628091896,6.99328306652035
"487","17131","15279","A","",NA,244.785911158416,237.792628091896,6.99328306652035
"488","17136","16366","A","",NA,244.794511446756,242.10576257974,2.68874886701607
"489","17137","16366","A","","DLP1_444-483",244.794511446756,242.10576257974,2.68874886701607
"490","17158","16312","A","","DLP1_453-480",244.860469185299,241.944339089928,2.91613009537062
"491","17159","16312","A","",NA,244.860469185299,241.944339089928,2.91613009537062
"492","17224","13176","A","","DLP1_453-479",245.187156855511,228.867455195694,16.3197016598167
"493","17225","13176","A","",NA,245.187156855511,228.867455195694,16.3197016598167
"494","17227","16945","B","",NA,245.188931104369,244.195246772613,0.99368433175556
"495","17368","16985","A","","DLP1_453-478",245.63145547795,244.331817294095,1.29963818385508
"496","17369","16985","A","","DLP1_455-479",245.63145547795,244.331817294095,1.29963818385508
"497","17416","14082","A","","DLP1_453-484",245.811613736511,233.015062170966,12.7965515655445
"498","17417","14082","A","","DLP1_452-484",245.811613736511,233.015062170966,12.7965515655445
"499","17445","17031","B","",NA,245.8916741582,244.478593191483,1.41308096671636
"500","17523","17445","B","",NA,246.17571601201,245.8916741582,0.284041853810123
"501","17564","13929","A","",NA,246.304527819579,232.467917104186,13.836610715393
"502","17565","13929","A","",NA,246.304527819579,232.467917104186,13.836610715393
"503","17583","17523","B","",NA,246.354754450506,246.17571601201,0.179038438496121
"504","17646","15763","A","",NA,246.541144348106,239.739463139947,6.80168120815841
"505","17647","15763","A","","DLP1_452-482",246.541144348106,239.739463139947,6.80168120815841
"506","17650","17227","B","",NA,246.556638964521,245.188931104369,1.36770786015239
"507","17656","17110","A","",NA,246.578630600311,244.719211692343,1.85941890796718
"508","17657","17110","A","","DLP1_450-482",246.578630600311,244.719211692343,1.85941890796718
"509","17690","17650","B","",NA,246.703726245291,246.556638964521,0.147087280769199
"510","17696","16987","A","","DLP1_457-470",246.727418928201,244.33532711815,2.39209181005154
"511","17697","16987","A","",NA,246.727418928201,244.33532711815,2.39209181005154
"512","17720","16695","B","",NA,246.867187315474,243.273038465837,3.59414884963664
"513","17748","17697","A","",NA,246.93682377228,246.727418928201,0.209404844078335
"514","17749","17697","A","",NA,246.93682377228,246.727418928201,0.209404844078335
"515","17794","16907","A","","DLP1_456-477",247.086081213841,243.990544664837,3.09553654900424
"516","17795","16907","A","",NA,247.086081213841,243.990544664837,3.09553654900424
"517","17829","17720","B","",NA,247.218001463429,246.867187315474,0.350814147955248
"518","17859","17583","B","",NA,247.313157331183,246.354754450506,0.958402880677284
"519","17861","17690","B","",NA,247.316698832212,246.703726245291,0.612972586920989
"520","17874","16599","A","","DLP1_450-483",247.336503121646,242.959326925166,4.37717619648024
"521","17875","16599","A","",NA,247.336503121646,242.959326925166,4.37717619648024
"522","17878","15115","A","",NA,247.339479926135,237.15282380723,10.1866561189051
"523","17879","15115","A","",NA,247.339479926135,237.15282380723,10.1866561189051
"524","17914","17829","B","",NA,247.444896240305,247.218001463429,0.22689477687581
"525","17928","16739","A","","DLP1_457-477",247.494264135791,243.427231138084,4.06703299770649
"526","17929","16739","A","","DLP1_457-478",247.494264135791,243.427231138084,4.06703299770649
"527","17960","16465","A","","DLP1_453-482",247.596117620473,242.428845249756,5.16727237071703
"528","17961","16465","A","","DLP1_453-481",247.596117620473,242.428845249756,5.16727237071703
"529","17983","17136","A","",NA,247.635713892477,244.794511446756,2.84120244572173
"530","18005","17914","B","",NA,247.706958304791,247.444896240305,0.262062064485917
"531","18008","17225","A","","DLP1_452-481",247.718585259276,245.187156855511,2.53142840376552
"532","18009","17225","A","","DLP1_449-480",247.718585259276,245.187156855511,2.53142840376552
"533","18014","17748","A","","DLP1_456-472",247.735578856939,246.93682377228,0.798755084659746
"534","18015","17748","A","","DLP1_456-473",247.735578856939,246.93682377228,0.798755084659746
"535","18038","16521","A","","DLP1_455-473",247.78180572763,242.649886051591,5.13191967603905
"536","18039","16521","A","",NA,247.78180572763,242.649886051591,5.13191967603905
"537","18061","18005","B","",NA,247.835945390446,247.706958304791,0.128987085654444
"538","18156","17795","A","","DLP1_455-476",248.130020515009,247.086081213841,1.04393930116774
"539","18157","17795","A","",NA,248.130020515009,247.086081213841,1.04393930116774
"540","18176","17131","A","",NA,248.185222802642,244.785911158416,3.39931164422615
"541","18177","17131","A","","DLP1_456-467",248.185222802642,244.785911158416,3.39931164422615
"542","18182","14181","A","","DLP1_456-474",248.201389009005,233.417952072451,14.7834369365539
"543","18183","14181","A","","DLP1_456-475",248.201389009005,233.417952072451,14.7834369365539
"544","18193","18061","B","",NA,248.234022868215,247.835945390446,0.39807747776959
"545","18290","17983","A","",NA,248.47523688174,247.635713892477,0.839522989262974
"546","18335","17859","B","",NA,248.579722465312,247.313157331183,1.26656513412914
"547","18394","17861","B","",NA,248.777108239761,247.316698832212,1.46040940754941
"548","18398","18335","B","",NA,248.783795869492,248.579722465312,0.204073404179326
"549","18434","18394","B","",NA,248.894029163418,248.777108239761,0.116920923656608
"550","18448","16598","A","",NA,248.927090396382,242.959326925166,5.96776347121579
"551","18449","16598","A","","DLP1_447-482",248.927090396382,242.959326925166,5.96776347121579
"552","18496","17879","A","",NA,249.077406729743,247.339479926135,1.73792680360788
"553","18497","17879","A","",NA,249.077406729743,247.339479926135,1.73792680360788
"554","18502","16439","A","","DLP1_458-465",249.095578430039,242.304152360965,6.79142606907342
"555","18503","16439","A","","DLP1_457-465",249.095578430039,242.304152360965,6.79142606907342
"556","18541","18398","B","",NA,249.161731720819,248.783795869492,0.37793585132772
"557","18542","17875","A","","DLP1_449-483",249.163790878838,247.336503121646,1.82728775719193
"558","18543","17875","A","","DLP1_447-483",249.163790878838,247.336503121646,1.82728775719193
"559","18545","18541","B","",NA,249.170204512546,249.161731720819,0.00847279172683102
"560","18548","14947","A","","DLP1_454-478",249.171834161133,236.434479689923,12.7373544712104
"561","18549","14947","A","",NA,249.171834161133,236.434479689923,12.7373544712104
"562","18554","18434","B","",NA,249.181300673429,248.894029163418,0.287271510011465
"563","18580","18193","B","",NA,249.257953014454,248.234022868215,1.02393014623851
"564","18624","17656","A","","DLP1_451-481",249.365893385466,246.578630600311,2.78726278515535
"565","18625","17656","A","","DLP1_451-480",249.365893385466,246.578630600311,2.78726278515535
"566","18628","16464","A","","DLP1_452-483",249.380279962477,242.428845249756,6.95143471272095
"567","18629","16464","A","","DLP1_453-483",249.380279962477,242.428845249756,6.95143471272095
"568","18677","18580","B","",NA,249.523953855661,249.257953014454,0.266000841207216
"569","18788","18677","B","",NA,249.858338403294,249.523953855661,0.334384547633647
"570","18936","17646","A","","DLP1_451-482",250.373280909577,246.541144348106,3.83213656147154
"571","18937","17646","A","","DLP1_450-481",250.373280909577,246.541144348106,3.83213656147154
"572","18962","18788","B","",NA,250.453468907203,249.858338403294,0.595130503908962
"573","18963","18788","B","",NA,250.453468907203,249.858338403294,0.595130503908962
"574","18973","18290","A","","DLP1_445-483",250.46706324827,248.47523688174,1.99182636652944
"575","18993","18554","B","",NA,250.515697573854,249.181300673429,1.33439690042462
"576","19020","18963","B","",NA,250.645426464946,250.453468907203,0.191957557742512
"577","19021","18963","B","",NA,250.645426464946,250.453468907203,0.191957557742512
"578","19043","18545","B","",NA,250.696893507713,249.170204512546,1.52668899516718
"579","19172","16458","A","","DLP1_456-476",251.071911617493,242.398800928137,8.67311068935658
"580","19173","16458","A","",NA,251.071911617493,242.398800928137,8.67311068935658
"581","19218","18993","B","",NA,251.153158508194,250.515697573854,0.637460934340254
"582","19346","19021","B","",NA,251.553067802014,250.645426464946,0.907641337068156
"583","19354","13469","A","",NA,251.586283477267,230.144843607817,21.4414398694503
"584","19355","13469","A","","DLP1_454-475",251.586283477267,230.144843607817,21.4414398694503
"585","19372","19043","B","",NA,251.640766882215,250.696893507713,0.943873374501521
"586","19373","19043","B","",NA,251.640766882215,250.696893507713,0.943873374501521
"587","19377","19372","B","","DLP1_451-465",251.655830107308,251.640766882215,0.0150632250931153
"588","19396","19173","A","","DLP1_454-476",251.690349649987,251.071911617493,0.61843803249343
"589","19397","19173","A","","DLP1_455-474",251.690349649987,251.071911617493,0.61843803249343
"590","19427","16611","A","","DLP1_442-484",251.745657515299,242.986260482491,8.75939703280733
"591","19514","17564","A","","DLP1_448-484",252.028996839648,246.304527819579,5.72446902006868
"592","19520","18962","B","",NA,252.057498775229,250.453468907203,1.60402986802575
"593","19521","18962","B","",NA,252.057498775229,250.453468907203,1.60402986802575
"594","19534","18039","A","","DLP1_454-472",252.091499049687,247.78180572763,4.30969332205783
"595","19535","18039","A","","DLP1_453-472",252.091499049687,247.78180572763,4.30969332205783
"596","19537","19218","B","",NA,252.093691124752,251.153158508194,0.940532616558585
"597","19557","19346","B","",NA,252.160447018074,251.553067802014,0.607379216059599
"598","19626","18496","A","","DLP1_456-468",252.362450348803,249.077406729743,3.28504361905971
"599","19627","18496","A","","DLP1_455-467",252.362450348803,249.077406729743,3.28504361905971
"600","19630","17565","A","",NA,252.38053154544,246.304527819579,6.0760037258602
"601","19631","17565","A","",NA,252.38053154544,246.304527819579,6.0760037258602
"602","19652","16862","A","","DLP1_452-478",252.4400176172,243.830714082048,8.6093035351519
"603","19653","16862","A","",NA,252.4400176172,243.830714082048,8.6093035351519
"604","19664","19630","A","","DLP1_446-484",252.476752983913,252.38053154544,0.0962214384737479
"605","19665","19630","A","",NA,252.476752983913,252.38053154544,0.0962214384737479
"606","19677","16438","A","","DLP1_458-466",252.512511255764,242.304152360965,10.2083588947985
"607","19690","16870","A","","DLP1_447-484",252.602835007635,243.874104462225,8.72873054541
"608","19768","19537","B","",NA,252.79278099597,252.093691124752,0.699089871217069
"609","19786","19520","B","",NA,252.838876131084,252.057498775229,0.781377355855227
"610","19787","19520","B","","DLP1_455-465",252.838876131084,252.057498775229,0.781377355855227
"611","19794","16871","A","",NA,252.850157106163,243.874104462225,8.97605264393735
"612","19795","16871","A","","DLP1_447-480",252.850157106163,243.874104462225,8.97605264393735
"613","19870","19521","B","","DLP1_456-466",253.117506647794,252.057498775229,1.06000787256497
"614","19871","19521","B","","DLP1_454-465",253.117506647794,252.057498775229,1.06000787256497
"615","19872","18497","A","","DLP1_455-469",253.118368064861,249.077406729743,4.04096133511737
"616","19873","18497","A","",NA,253.118368064861,249.077406729743,4.04096133511737
"617","19942","17111","A","",NA,253.393423412946,244.719211692343,8.6742117206029
"618","19943","17111","A","",NA,253.393423412946,244.719211692343,8.6742117206029
"619","19970","18157","A","","DLP1_453-477",253.460022416589,248.130020515009,5.33000190158018
"620","19971","18157","A","",NA,253.460022416589,248.130020515009,5.33000190158018
"621","20017","19373","B","",NA,253.566564094958,251.640766882215,1.92579721274353
"622","20088","18176","A","","DLP1_457-467",253.761201561601,248.185222802642,5.57597875895911
"623","20089","18176","A","","DLP1_455-466",253.761201561601,248.185222802642,5.57597875895911
"624","20106","18549","A","","DLP1_451-477",253.807777552286,249.171834161133,4.63594339115289
"625","20107","18549","A","",NA,253.807777552286,249.171834161133,4.63594339115289
"626","20114","19631","A","",NA,253.821874018456,252.38053154544,1.44134247301682
"627","20154","19354","A","","DLP1_454-474",253.947626743453,251.586283477267,2.36134326618568
"628","20155","19354","A","","DLP1_454-473",253.947626743453,251.586283477267,2.36134326618568
"629","20170","18448","A","","DLP1_449-482",253.985653343282,248.927090396382,5.05856294690048
"630","20171","18448","A","","DLP1_448-482",253.985653343282,248.927090396382,5.05856294690048
"631","20177","19020","B","",NA,254.005328457678,250.645426464946,3.35990199273155
"632","20220","16183","A","","DLP1_452-477",254.154840254911,241.483069079431,12.6717711754799
"633","20221","16183","A","","DLP1_451-479",254.154840254911,241.483069079431,12.6717711754799
"634","20280","20177","B","",NA,254.308751626092,254.005328457678,0.303423168414838
"635","20281","20177","B","","DLP1_451-468",254.308751626092,254.005328457678,0.303423168414838
"636","20372","19873","A","","DLP1_454-468",254.613833213539,253.118368064861,1.49546514867802
"637","20373","19873","A","","DLP1_454-467",254.613833213539,253.118368064861,1.49546514867802
"638","20381","19768","B","",NA,254.628704278929,252.79278099597,1.83592328295953
"639","20418","20280","B","",NA,254.745466736283,254.308751626092,0.436715110191017
"640","20419","20280","B","",NA,254.745466736283,254.308751626092,0.436715110191017
"641","20522","20017","B","","DLP1_451-466",254.998166802624,253.566564094958,1.43160270766549
"642","20523","20017","B","",NA,254.998166802624,253.566564094958,1.43160270766549
"643","20530","19971","A","",NA,255.012460356168,253.460022416589,1.55243793957899
"644","20531","19971","A","","DLP1_453-473",255.012460356168,253.460022416589,1.55243793957899
"645","20532","19794","A","",NA,255.013238362985,252.850157106163,2.16308125682247
"646","20533","19794","A","",NA,255.013238362985,252.850157106163,2.16308125682247
"647","20627","20381","B","",NA,255.249082782565,254.628704278929,0.620378503635635
"648","20706","19786","B","","DLP1_452-466",255.439896782869,252.838876131084,2.6010206517843
"649","20707","19786","B","",NA,255.439896782869,252.838876131084,2.6010206517843
"650","20850","20419","B","",NA,255.805167164486,254.745466736283,1.05970042820229
"651","20851","20419","B","",NA,255.805167164486,254.745466736283,1.05970042820229
"652","20872","20627","B","",NA,255.865123568982,255.249082782565,0.616040786416903
"653","20873","20627","B","",NA,255.865123568982,255.249082782565,0.616040786416903
"654","20902","19557","B","",NA,255.963373325816,252.160447018074,3.8029263077425
"655","20903","19557","B","",NA,255.963373325816,252.160447018074,3.8029263077425
"656","20934","20850","B","","DLP1_453-466",256.047505999072,255.805167164486,0.242338834586491
"657","20935","20850","B","","DLP1_450-465",256.047505999072,255.805167164486,0.242338834586491
"658","20985","20873","B","",NA,256.143105818227,255.865123568982,0.277982249245667
"659","21000","20707","B","",NA,256.193205039564,255.439896782869,0.753308256695021
"660","21001","20707","B","",NA,256.193205039564,255.439896782869,0.753308256695021
"661","21038","20418","B","","DLP1_453-465",256.303752812805,254.745466736283,1.55828607652202
"662","21039","20418","B","","DLP1_452-465",256.303752812805,254.745466736283,1.55828607652202
"663","21072","21000","B","",NA,256.403884847332,256.193205039564,0.210679807768201
"664","21073","21000","B","",NA,256.403884847332,256.193205039564,0.210679807768201
"665","21082","19943","A","","DLP1_449-481",256.418185710611,253.393423412946,3.02476229766424
"666","21083","19943","A","",NA,256.418185710611,253.393423412946,3.02476229766424
"667","21100","21073","B","",NA,256.483246993819,256.403884847332,0.0793621464869148
"668","21101","21073","B","","DLP1_452-468",256.483246993819,256.403884847332,0.0793621464869148
"669","21122","16595","A","","DLP1_455-471",256.526415702189,242.95650780378,13.5699078984092
"670","21123","16595","A","","DLP1_457-471",256.526415702189,242.95650780378,13.5699078984092
"671","21348","20107","A","","DLP1_453-476",257.031796245648,253.807777552286,3.22401869336127
"672","21349","20107","A","","DLP1_454-477",257.031796245648,253.807777552286,3.22401869336127
"673","21414","20985","B","",NA,257.165283965178,256.143105818227,1.02217814695041
"674","21420","21001","B","","DLP1_449-469",257.183904392208,256.193205039564,0.990699352644128
"675","21421","21001","B","",NA,257.183904392208,256.193205039564,0.990699352644128
"676","21488","16231","A","","DLP1_458-468",257.363515607019,241.703759285668,15.6597563213513
"677","21489","16231","A","","DLP1_457-469",257.363515607019,241.703759285668,15.6597563213513
"678","21574","20523","B","",NA,257.53804043442,254.998166802624,2.53987363179604
"679","21575","20523","B","",NA,257.53804043442,254.998166802624,2.53987363179604
"680","21618","20533","A","","DLP1_448-480",257.699447651169,255.013238362985,2.68620928818405
"681","21619","20533","A","","DLP1_447-479",257.699447651169,255.013238362985,2.68620928818405
"682","21628","19653","A","","DLP1_452-479",257.714151221867,252.4400176172,5.27413360466659
"683","21629","19653","A","",NA,257.714151221867,252.4400176172,5.27413360466659
"684","21658","17878","A","","DLP1_456-469",257.780962390921,247.339479926135,10.4414824647859
"685","21659","17878","A","","DLP1_455-468",257.780962390921,247.339479926135,10.4414824647859
"686","21672","20851","B","","DLP1_453-467",257.809682350217,255.805167164486,2.00451518573161
"687","21673","20851","B","",NA,257.809682350217,255.805167164486,2.00451518573161
"688","21678","21414","B","",NA,257.816846321878,257.165283965178,0.651562356699856
"689","21679","21414","B","",NA,257.816846321878,257.165283965178,0.651562356699856
"690","21710","19942","A","","DLP1_448-481",257.915742623703,253.393423412946,4.52231921075705
"691","21711","19942","A","","DLP1_448-479",257.915742623703,253.393423412946,4.52231921075705
"692","21722","21574","B","","DLP1_449-465",257.938757559868,257.53804043442,0.400717125448125
"693","21723","21574","B","","DLP1_449-466",257.938757559868,257.53804043442,0.400717125448125
"694","21724","20903","B","","DLP1_448-471",257.947684303608,255.963373325816,1.98431097779186
"695","21725","20903","B","",NA,257.947684303608,255.963373325816,1.98431097779186
"696","21730","21421","B","","DLP1_450-467",257.992600067226,257.183904392208,0.808695675018384
"697","21731","21421","B","",NA,257.992600067226,257.183904392208,0.808695675018384
"698","21747","20872","B","",NA,258.029726403872,255.865123568982,2.16460283489067
"699","21780","21100","B","","DLP1_452-467",258.123967490876,256.483246993819,1.64072049705669
"700","21781","21100","B","",NA,258.123967490876,256.483246993819,1.64072049705669
"701","21817","21679","B","",NA,258.181812204094,257.816846321878,0.364965882216211
"702","21824","20532","A","","DLP1_447-481",258.194918568773,255.013238362985,3.18168020578804
"703","21825","20532","A","","DLP1_446-480",258.194918568773,255.013238362985,3.18168020578804
"704","21862","21673","B","",NA,258.275216889723,257.809682350217,0.465534539505256
"705","21863","21673","B","",NA,258.275216889723,257.809682350217,0.465534539505256
"706","21897","21747","B","",NA,258.344380293612,258.029726403872,0.314653889739759
"707","22012","17749","A","","DLP1_456-471",258.603242265387,246.93682377228,11.6664184931075
"708","22013","17749","A","","DLP1_455-470",258.603242265387,246.93682377228,11.6664184931075
"709","22019","21678","B","",NA,258.631730291064,257.816846321878,0.814883969186212
"710","22022","21629","A","","DLP1_450-476",258.644630190118,257.714151221867,0.930478968251293
"711","22023","21629","A","","DLP1_450-477",258.644630190118,257.714151221867,0.930478968251293
"712","22030","21575","B","",NA,258.656268709943,257.53804043442,1.11822827552356
"713","22031","21575","B","",NA,258.656268709943,257.53804043442,1.11822827552356
"714","22032","21863","B","","DLP1_452-470",258.659104519604,258.275216889723,0.383887629881144
"715","22033","21863","B","",NA,258.659104519604,258.275216889723,0.383887629881144
"716","22062","22033","B","",NA,258.714796860636,258.659104519604,0.0556923410322838
"717","22063","22033","B","",NA,258.714796860636,258.659104519604,0.0556923410322838
"718","22076","21725","B","",NA,258.756237012794,257.947684303608,0.808552709186074
"719","22077","21725","B","","DLP1_450-470",258.756237012794,257.947684303608,0.808552709186074
"720","22118","22031","B","",NA,258.864242285425,258.656268709943,0.207973575482015
"721","22119","22031","B","",NA,258.864242285425,258.656268709943,0.207973575482015
"722","22148","22030","B","",NA,258.909590223934,258.656268709943,0.253321513990329
"723","22149","22030","B","","DLP1_448-465",258.909590223934,258.656268709943,0.253321513990329
"724","22186","21781","B","",NA,258.997213253629,258.123967490876,0.873245762753697
"725","22187","21781","B","","DLP1_452-469",258.997213253629,258.123967490876,0.873245762753697
"726","22194","20530","A","","DLP1_453-475",259.021033473475,255.012460356168,4.00857311730655
"727","22195","20530","A","","DLP1_453-474",259.021033473475,255.012460356168,4.00857311730655
"728","22216","22148","B","",NA,259.043525588322,258.909590223934,0.133935364388435
"729","22217","22148","B","",NA,259.043525588322,258.909590223934,0.133935364388435
"730","22287","21897","B","",NA,259.227453853209,258.344380293612,0.883073559596539
"731","22302","22062","B","","DLP1_452-471",259.276985195839,258.714796860636,0.562188335203302
"732","22303","22062","B","",NA,259.276985195839,258.714796860636,0.562188335203302
"733","22314","22287","B","",NA,259.307399530606,259.227453853209,0.0799456773976317
"734","22315","22287","B","","DLP1_446-466",259.307399530606,259.227453853209,0.0799456773976317
"735","22351","22019","B","",NA,259.43085584315,258.631730291064,0.799125552086593
"736","22356","15443","A","","DLP1_452-476",259.449630637051,238.388069839688,21.061560797363
"737","22357","15443","A","","DLP1_452-475",259.449630637051,238.388069839688,21.061560797363
"738","22364","21083","A","","DLP1_449-479",259.453641392929,256.418185710611,3.03545568231806
"739","22365","21083","A","",NA,259.453641392929,256.418185710611,3.03545568231806
"740","22396","17159","A","","DLP1_450-480",259.53783870298,244.860469185299,14.6773695176815
"741","22397","17159","A","",NA,259.53783870298,244.860469185299,14.6773695176815
"742","22450","21731","B","","DLP1_450-468",259.634797734583,257.992600067226,1.64219766735698
"743","22451","21731","B","",NA,259.634797734583,257.992600067226,1.64219766735698
"744","22508","22186","B","","DLP1_453-469",259.75499099522,258.997213253629,0.757777741590928
"745","22509","22186","B","",NA,259.75499099522,258.997213253629,0.757777741590928
"746","22542","22076","B","",NA,259.807467013138,258.756237012794,1.05123000034337
"747","22543","22076","B","",NA,259.807467013138,258.756237012794,1.05123000034337
"748","22566","22118","B","",NA,259.868817540461,258.864242285425,1.00457525503577
"749","22567","22118","B","","DLP1_446-465",259.868817540461,258.864242285425,1.00457525503577
"750","22575","22351","B","",NA,259.880027978249,259.43085584315,0.449172135098252
"751","22576","22566","B","","DLP1_447-466",259.880946166341,259.868817540461,0.0121286258801661
"752","22577","22566","B","",NA,259.880946166341,259.868817540461,0.0121286258801661
"753","22582","21072","B","","DLP1_450-466",259.892661876008,256.403884847332,3.48877702867566
"754","22583","21072","B","","DLP1_451-467",259.892661876008,256.403884847332,3.48877702867566
"755","22600","22216","B","","DLP1_448-466",259.943794716367,259.043525588322,0.90026912804484
"756","22601","22216","B","","DLP1_449-467",259.943794716367,259.043525588322,0.90026912804484
"757","22686","21862","B","","DLP1_453-468",260.156489446323,258.275216889723,1.88127255660038
"758","22687","21862","B","",NA,260.156489446323,258.275216889723,1.88127255660038
"759","22692","21817","B","","DLP1_445-466",260.163622785417,258.181812204094,1.98181058132326
"760","22693","21817","B","","DLP1_445-467",260.163622785417,258.181812204094,1.98181058132326
"761","22696","22217","B","",NA,260.166375919025,259.043525588322,1.12285033070276
"762","22697","22217","B","","DLP1_446-467",260.166375919025,259.043525588322,1.12285033070276
"763","22726","22542","B","","DLP1_449-470",260.249833200067,259.807467013138,0.442366186929576
"764","22727","22542","B","",NA,260.249833200067,259.807467013138,0.442366186929576
"765","22728","22687","B","","DLP1_454-469",260.251589989992,260.156489446323,0.0951005436687637
"766","22729","22687","B","","DLP1_453-470",260.251589989992,260.156489446323,0.0951005436687637
"767","22749","22314","B","","DLP1_447-465",260.294542309089,259.307399530606,0.987142778482621
"768","22764","22509","B","",NA,260.335328432591,259.75499099522,0.580337437371043
"769","22765","22509","B","","DLP1_453-471",260.335328432591,259.75499099522,0.580337437371043
"770","22820","22397","A","","DLP1_451-478",260.464770601046,259.53783870298,0.926931898065448
"771","22821","22397","A","",NA,260.464770601046,259.53783870298,0.926931898065448
"772","22844","20902","B","","DLP1_449-468",260.495273291208,255.963373325816,4.53189996539166
"773","22845","20902","B","","DLP1_448-469",260.495273291208,255.963373325816,4.53189996539166
"774","22846","22303","B","",NA,260.504728847823,259.276985195839,1.22774365198393
"775","22847","22303","B","","DLP1_451-474",260.504728847823,259.276985195839,1.22774365198393
"776","22854","22575","B","",NA,260.521330835467,259.880027978249,0.641302857218818
"777","22855","22575","B","",NA,260.521330835467,259.880027978249,0.641302857218818
"778","22870","22854","B","","DLP1_443-465",260.530751048382,260.521330835467,0.00942021291479023
"779","22871","22854","B","","DLP1_444-466",260.530751048382,260.521330835467,0.00942021291479023
"780","22880","22855","B","",NA,260.555714903315,260.521330835467,0.0343840678474407
"781","22881","22855","B","","DLP1_444-467",260.555714903315,260.521330835467,0.0343840678474407
"782","22924","22119","B","","DLP1_445-465",260.683300900761,258.864242285425,1.81905861533539
"783","22925","22119","B","",NA,260.683300900761,258.864242285425,1.81905861533539
"784","22962","22727","B","","DLP1_450-471",260.781953855119,260.249833200067,0.532120655051472
"785","22963","22727","B","","DLP1_451-471",260.781953855119,260.249833200067,0.532120655051472
"786","22970","22925","B","","DLP1_444-465",260.800454825589,260.683300900761,0.117153924827733
"787","22971","22925","B","",NA,260.800454825589,260.683300900761,0.117153924827733
"788","22996","22764","B","","DLP1_454-470",260.849305957337,260.335328432591,0.513977524746053
"789","22997","22764","B","","DLP1_454-471",260.849305957337,260.335328432591,0.513977524746053
"790","22998","22451","B","",NA,260.854945212369,259.634797734583,1.22014747778576
"791","22999","22451","B","","DLP1_450-469",260.854945212369,259.634797734583,1.22014747778576
"792","23062","22063","B","","DLP1_452-472",260.971648784842,258.714796860636,2.25685192420565
"793","23063","22063","B","","DLP1_451-472",260.971648784842,258.714796860636,2.25685192420565
"794","23074","22577","B","","DLP1_448-467",261.004095341371,259.880946166341,1.12314917502994
"795","23075","22577","B","","DLP1_448-468",261.004095341371,259.880946166341,1.12314917502994
"796","23096","22880","B","",NA,261.066010793906,260.555714903315,0.510295890590839
"797","23097","22880","B","","DLP1_443-468",261.066010793906,260.555714903315,0.510295890590839
"798","23100","23096","B","","DLP1_443-466",261.070243207409,261.066010793906,0.00423241350370063
"799","23101","23096","B","","DLP1_443-467",261.070243207409,261.066010793906,0.00423241350370063
"800","23144","20114","A","","DLP1_445-484",261.177631212394,253.821874018456,7.35575719393802
"801","23145","20114","A","","DLP1_444-484",261.177631212394,253.821874018456,7.35575719393802
"802","23168","22846","B","",NA,261.264935730039,260.504728847823,0.760206882215925
"803","23169","22846","B","",NA,261.264935730039,260.504728847823,0.760206882215925
"804","23172","22998","B","","DLP1_451-469",261.280154537442,260.854945212369,0.425209325073467
"805","23173","22998","B","","DLP1_451-470",261.280154537442,260.854945212369,0.425209325073467
"806","23270","23168","B","","DLP1_451-473",261.556538702865,261.264935730039,0.291602972825956
"807","23271","23168","B","","DLP1_450-472",261.556538702865,261.264935730039,0.291602972825956
"808","23274","23169","B","","DLP1_450-474",261.559594836434,261.264935730039,0.294659106394988
"809","23275","23169","B","","DLP1_450-475",261.559594836434,261.264935730039,0.294659106394988
"810","23300","16498","A","","DLP1_455-481",261.637694344059,242.578026420115,19.0596679239437
"811","23301","16498","A","","DLP1_454-480",261.637694344059,242.578026420115,19.0596679239437
"812","23350","22543","B","",NA,261.764158232041,259.807467013138,1.95669121890319
"813","23351","22543","B","","DLP1_447-469",261.764158232041,259.807467013138,1.95669121890319
"814","23368","19665","A","","DLP1_446-482",261.798176012582,252.476752983913,9.32142302866913
"815","23369","19665","A","","DLP1_445-482",261.798176012582,252.476752983913,9.32142302866913
"816","23404","22365","A","","DLP1_448-477",261.878200286894,259.453641392929,2.42455889396513
"817","23405","22365","A","","DLP1_447-476",261.878200286894,259.453641392929,2.42455889396513
"818","23442","22971","B","","DLP1_442-465",261.959843625489,260.800454825589,1.15938879990034
"819","23454","23350","B","","DLP1_448-470",261.985802451369,261.764158232041,0.221644219328482
"820","23455","23350","B","","DLP1_449-471",261.985802451369,261.764158232041,0.221644219328482
"821","23506","22696","B","",NA,262.06007049732,260.166375919025,1.89369457829525
"822","23507","22696","B","","DLP1_445-469",262.06007049732,260.166375919025,1.89369457829525
"823","23510","22821","A","","DLP1_450-479",262.066921250892,260.464770601046,1.6021506498459
"824","23511","22821","A","","DLP1_449-478",262.066921250892,260.464770601046,1.6021506498459
"825","23530","23506","B","","DLP1_447-467",262.114391372078,262.06007049732,0.0543208747574226
"826","23531","23506","B","","DLP1_446-468",262.114391372078,262.06007049732,0.0543208747574226
